{
  "hash": "8429b717",
  "configHash": "9ca3bab2",
  "lockfileHash": "d1ddf5d5",
  "browserHash": "33ec1eaa",
  "optimized": {
    "lucide-react": {
      "src": "../../node_modules/lucide-react/dist/esm/lucide-react.js",
      "file": "lucide-react.js",
      "fileHash": "a65f8bdd",
      "needsInterop": false
    },
    "react": {
      "src": "../../node_modules/react/index.js",
      "file": "react.js",
      "fileHash": "8ba7b1bf",
      "needsInterop": true
    },
    "react-dom/client": {
      "src": "../../node_modules/react-dom/client.js",
      "file": "react-dom_client.js",
      "fileHash": "c8adcb0b",
      "needsInterop": true
    },
    "react-icons/fa": {
      "src": "../../node_modules/react-icons/fa/index.mjs",
      "file": "react-icons_fa.js",
      "fileHash": "ddfe1548",
      "needsInterop": false
    },
    "react-router-dom": {
      "src": "../../node_modules/react-router-dom/dist/index.mjs",
      "file": "react-router-dom.js",
      "fileHash": "e569455f",
      "needsInterop": false
    },
    "use-count-up": {
      "src": "../../node_modules/use-count-up/lib/index.module.js",
      "file": "use-count-up.js",
      "fileHash": "c0f80a69",
      "needsInterop": false
    }
  },
  "chunks": {
    "chunk-JPFIJ2ZJ": {
      "file": "chunk-JPFIJ2ZJ.js"
    },
    "chunk-3A6WRQ5K": {
      "file": "chunk-3A6WRQ5K.js"
    }
  }
}